Episodio,Recompensa_Media,Loss_Disc,Loss_Gen,Precision_Disc
10,-0.9121357174550256,0.6927369236946106,2787.09375,0.748046875
20,-0.9310703802783212,0.69198077917099,1195.836181640625,0.794921875
30,-0.9166505387595909,0.6912283897399902,228.28797912597656,0.837890625
40,-0.918895242303732,0.6904214024543762,607.5305786132812,0.8475624918937683
50,-0.7397271774026808,0.6904388070106506,873.058349609375,0.7698124945163727
60,-0.9377971946014626,0.688981831073761,205.4203643798828,0.828125
70,-0.9365999342308039,0.6880373954772949,156.6750946044922,0.828125
80,-0.8314978476947965,0.687279462814331,317.0531311035156,0.8236093819141388
90,-0.9429990121578817,0.685808539390564,177.7470703125,0.849609375
100,-0.9481395612138176,0.6850583553314209,98.40625762939453,0.830078125
110,-0.9476851798565195,0.6837451457977295,95.23619079589844,0.83203125
120,-0.9488165568191286,0.6819896101951599,91.3238296508789,0.849609375
130,-0.9518017082176841,0.681492030620575,92.28870391845703,0.82421875
140,-0.9514930657144401,0.6793195009231567,99.68555450439453,0.84375
150,-0.954481766715917,0.6785421967506409,84.4336929321289,0.822265625
160,-0.9559843649482314,0.676297664642334,83.35226440429688,0.833984375
170,-0.9575632277509712,0.6736195683479309,79.95730590820312,0.849609375
180,-0.9593823763033098,0.6725535988807678,84.58257293701172,0.8359375
190,-0.9604665170021345,0.6706571578979492,79.27422332763672,0.833984375
200,-0.9614140450107059,0.6681231260299683,72.77473449707031,0.845703125
210,-0.9639787691605165,0.6672536730766296,67.62696838378906,0.828125
220,-0.9646785676060833,0.6624822020530701,66.30461120605469,0.849609375
230,-0.9657223755006794,0.6605989933013916,112.78080749511719,0.845703125
240,-0.9656513572268102,0.6574538350105286,104.53659057617188,0.849609375
250,-0.9698836019378151,0.6566978096961975,180.75010681152344,0.833984375
260,-0.9730668348400514,0.6526845693588257,165.0597686767578,0.83984375
270,-0.9760601440770053,0.6501080989837646,150.95919799804688,0.837890625
280,-0.975688972506992,0.6514537930488586,119.16203308105469,0.810546875
290,-0.9747238475034951,0.642633318901062,70.86050415039062,0.84765625
300,-0.9730075547751628,0.6426191329956055,118.90522766113281,0.82421875
310,-0.9720868363707703,0.6388430595397949,158.07717895507812,0.828125
320,-0.9712975273436277,0.6328520178794861,78.68303680419922,0.841796875
330,-0.9701955769374766,0.632915198802948,63.72301483154297,0.826171875
340,-0.968860675446848,0.6246230006217957,63.37412643432617,0.84375
350,-0.9678809332668575,0.6215827465057373,61.39362335205078,0.84375
360,-0.9674953768551896,0.6238600015640259,67.17696380615234,0.8203125
370,-0.9666341425988354,0.616417407989502,80.27488708496094,0.833984375
380,-0.9653526057456667,0.6096943020820618,70.28863525390625,0.845703125
390,-0.9638825960453171,0.6084614396095276,56.427635192871094,0.8359375
400,-0.9629065702318744,0.5967799425125122,92.39442443847656,0.861328125
410,-0.9611859369925335,0.6040449738502502,71.26000213623047,0.826171875
420,-0.9593554424791104,0.5882920622825623,110.31137084960938,0.865234375
430,-0.9587756870853318,0.599338173866272,63.97407913208008,0.8225806355476379
440,-0.9574236925937799,0.5917497277259827,57.855411529541016,0.828125
450,-0.9560799570645715,0.5805773735046387,49.792850494384766,0.8515625
460,-0.9550146249776916,0.5819710493087769,124.11817169189453,0.83984375
470,-0.9563577791270441,0.5746035575866699,78.79275512695312,0.84765625
480,-0.957886702620131,0.5760802030563354,68.23896789550781,0.833984375
490,-0.9596113863331043,0.5723103284835815,85.74862670898438,0.8359375
500,-0.9602524032589529,0.5596040487289429,54.74953842163086,0.85546875
510,-0.9614922150781483,0.5731711387634277,50.94401168823242,0.818359375
520,-0.9606620658439914,0.5601214170455933,52.796470642089844,0.841796875
530,-0.9605234250643037,0.5466510057449341,84.12389373779297,0.861328125
540,-0.9622868552398289,0.5612141489982605,77.57825469970703,0.826171875
550,-0.9620791952575549,0.5429245233535767,69.7270736694336,0.857421875
560,-0.961084369421485,0.5345625877380371,180.5249481201172,0.861328125
570,-0.9605976849852148,0.543735146522522,138.92701721191406,0.84375
580,-0.9564252147450716,0.5354530811309814,132.3613739013672,0.85546875
590,-0.957317650312642,0.5302509069442749,278.904296875,0.857421875
600,-0.9552083934254681,0.5274245142936707,124.12877655029297,0.859375
610,-0.9521861508960019,0.5381373763084412,65.32962799072266,0.8359375
620,-0.9501747830250884,0.5332722067832947,58.299320220947266,0.841796875
630,-0.9471999175819312,0.5273021459579468,56.28852844238281,0.84765625
640,-0.9452186180458454,0.5315074920654297,51.1164665222168,0.8359375
650,-0.9415764035606372,0.5197460651397705,71.45735931396484,0.8515625
660,-0.9380906403437923,0.529120922088623,96.34673309326172,0.833984375
670,-0.9379198831200444,0.5090000629425049,88.2757339477539,0.865234375
680,-0.9299654874412773,0.5212879180908203,60.585418701171875,0.84375
690,-0.9318860552140729,0.5583972930908203,45.14036560058594,0.7890625
700,-0.9290546352269853,0.523246169090271,36.87053298950195,0.837890625
710,-0.9255901303654377,0.5236234664916992,34.44480514526367,0.8359375
720,-0.9205777783373199,0.5180830955505371,86.57891845703125,0.83984375
730,-0.9158862866010976,0.5297694206237793,53.237953186035156,0.826171875
740,-0.9147763902024008,0.49113959074020386,42.59349822998047,0.876953125
750,-0.9133146224670361,0.4987613558769226,30.487064361572266,0.86328125
760,-0.9083871896396799,0.5227802395820618,29.031274795532227,0.830078125
770,-0.905833777730767,0.5085999369621277,36.98097229003906,0.84765625
780,-0.9044467518371209,0.5214920043945312,99.77564239501953,0.83203125
790,-0.8963024492824347,0.5055562257766724,67.46419525146484,0.8515625
800,-0.8947880606129043,0.5010470151901245,38.540565490722656,0.857421875
810,-0.8872714041315602,0.5003699064254761,23.80059814453125,0.857421875
820,-0.888124941891567,0.5098891258239746,45.7218132019043,0.845703125
830,-0.8836368881270048,0.4844871163368225,37.86907958984375,0.876953125
840,-0.8777437763981036,0.5129938721656799,28.32314682006836,0.83984375
850,-0.883683914937211,0.5110114812850952,23.09720230102539,0.841796875
860,-0.876708670447652,0.4995213747024536,43.10452651977539,0.8568548262119293
870,-0.871884441301069,0.5064378380775452,24.47470474243164,0.845703125
880,-0.8598600806010636,0.4945254325866699,21.44304656982422,0.861328125
890,-0.8676744467591466,0.4924692213535309,26.62846565246582,0.865234375
900,-0.857441153032249,0.5043010711669922,24.222064971923828,0.84765625
910,-0.8637725254351833,0.5102078914642334,26.42906951904297,0.83984375
920,-0.8467776070431451,0.5033117532730103,20.91948890686035,0.849609375
930,-0.8467885603434195,0.49994510412216187,29.292436599731445,0.85546875
940,-0.842857668695321,0.5097059011459351,24.992046356201172,0.83984375
950,-0.842793938548786,0.5074378848075867,31.328462600708008,0.841796875
960,-0.8385892338844184,0.5039403438568115,79.3740005493164,0.84765625
970,-0.8418678106158308,0.5172536373138428,55.522438049316406,0.830078125
980,-0.820718978822188,0.5164093375205994,24.317703247070312,0.83203125
990,-0.8291489878407057,0.5214014649391174,18.030393600463867,0.826171875
1000,-0.8280967529634157,0.5256388187408447,56.4637565612793,0.8203125
1010,-0.8189063258632432,0.5235395431518555,22.018346786499023,0.8203125
1020,-0.8137119711191959,0.4992351531982422,40.670936584472656,0.8515625
1030,-0.811649526160835,0.4986537992954254,17.409257888793945,0.85546875
1040,-0.8032769127624948,0.49848461151123047,16.233341217041016,0.85546875
1050,-0.810130686049632,0.4799495041370392,15.465645790100098,0.876953125
1060,-0.7986115360929351,0.48666125535964966,37.877464294433594,0.869140625
1070,-0.7998369729903151,0.5160622596740723,17.612424850463867,0.830078125
1080,-0.7993615002562493,0.49916040897369385,19.842754364013672,0.8515625
1090,-0.7860254214922535,0.5082774758338928,19.26287078857422,0.83984375
1100,-0.7818994396462854,0.5123050212860107,19.1093692779541,0.8359375
1110,-0.7893259997421654,0.4900017976760864,20.300662994384766,0.86328125
1120,-0.7803446862442991,0.518295407295227,14.379023551940918,0.828125
1130,-0.7697362215814066,0.5088812112808228,17.156091690063477,0.83984375
1140,-0.7788598435174223,0.508338451385498,18.695276260375977,0.83984375
1150,-0.768090903224672,0.5030461549758911,15.067727088928223,0.84765625
1160,-0.7759827753450944,0.5180891752243042,14.124878883361816,0.826171875
1170,-0.7656158414076245,0.5138964056968689,15.700031280517578,0.833984375
1180,-0.7686899010369529,0.49024441838264465,14.232170104980469,0.86328125
1190,-0.7552189182547673,0.48239606618881226,17.149890899658203,0.875
1200,-0.7505731582571867,0.5123986601829529,13.960623741149902,0.8359375
1210,-0.7427047241633468,0.4984104633331299,14.212578773498535,0.853515625
1220,-0.7568735517147612,0.5015965104103088,12.516646385192871,0.84765625
1230,-0.7378569196631931,0.49704915285110474,15.582703590393066,0.85546875
1240,-0.7421878875556484,0.5198618769645691,11.301090240478516,0.828125
1250,-0.7392765751757593,0.5119932293891907,11.975271224975586,0.837890625
1260,-0.7355179795573785,0.5055588483810425,14.553519248962402,0.84375
1270,-0.7176613882714716,0.4836665391921997,17.82542610168457,0.87109375
1280,-0.7430525049454039,0.5103268027305603,13.099445343017578,0.8359375
1290,-0.7266838676532226,0.5082429647445679,20.0032901763916,0.838709682226181
1300,-0.7132011994316992,0.4929642677307129,14.40343952178955,0.861328125
1310,-0.7292882750769187,0.5113765001296997,15.013937950134277,0.833984375
1320,-0.7116836547299676,0.5174670815467834,13.148353576660156,0.828125
1330,-0.7189959132831062,0.5053580403327942,9.606771469116211,0.84375
1340,-0.7036471413697374,0.5044316649436951,13.516816139221191,0.845703125
1350,-0.7178922095887516,0.4899815320968628,10.773151397705078,0.86328125
1360,-0.7103149182031796,0.5191043615341187,9.880900382995605,0.826171875
1370,-0.7120279954977504,0.5199214816093445,15.8456449508667,0.826171875
1380,-0.7001618720363204,0.4987295866012573,14.980779647827148,0.849609375
1390,-0.7004404941568441,0.523885190486908,16.432514190673828,0.818359375
1400,-0.694946017817473,0.4884728789329529,15.25623893737793,0.86328125
1410,-0.682536397034434,0.5002638697624207,9.836230278015137,0.84765625
1420,-0.6998462149195628,0.498141884803772,9.10496711730957,0.8515625
1430,-0.6974777826513375,0.5133973360061646,20.52146339416504,0.830078125
1440,-0.6732946250078984,0.4979463219642639,10.18150520324707,0.853515625
1450,-0.6910573065013035,0.4985434114933014,18.95743179321289,0.849609375
1460,-0.687196068647511,0.521866500377655,16.975566864013672,0.822265625
1470,-0.6845515601934132,0.5292036533355713,16.730274200439453,0.8125
1480,-0.6719311968867024,0.506954550743103,11.485093116760254,0.83984375
1490,-0.673580577553464,0.5003944039344788,14.029915809631348,0.845703125
1500,-0.6651837943273481,0.5016401410102844,7.157294273376465,0.845703125
1510,-0.6902694336983543,0.5039736032485962,16.179956436157227,0.841796875
1520,-0.6713850637088593,0.4971490502357483,11.081206321716309,0.853515625
1530,-0.6743263598173401,0.5108436942100525,9.993895530700684,0.8359375
1540,-0.6560396572879131,0.525364100933075,8.962530136108398,0.81640625
1550,-0.6625303865261909,0.5094536542892456,7.538790225982666,0.83984375
1560,-0.6504221141433384,0.5087598562240601,10.049280166625977,0.837890625
1570,-0.6629548425953787,0.49443942308425903,9.224888801574707,0.857421875
1580,-0.6506481018363931,0.4728432297706604,7.195527076721191,0.880859375
1590,-0.6581268610903338,0.5087016224861145,6.996280670166016,0.837890625
1600,-0.6425184523143678,0.5079676508903503,8.314508438110352,0.837890625
1610,-0.6434751858128589,0.4762641191482544,12.2455415725708,0.876953125
1620,-0.6484365476656203,0.5094130039215088,7.491322994232178,0.833984375
1630,-0.6412565477920567,0.5091747045516968,9.403764724731445,0.8359375
1640,-0.6499576546291214,0.5095162987709045,6.227113246917725,0.8359375
1650,-0.6462235707533275,0.5098165273666382,7.630156993865967,0.833984375
1660,-0.6379535264577287,0.490479975938797,7.540377140045166,0.861328125
1670,-0.6463399004279634,0.5289282202720642,6.36557149887085,0.810546875
1680,-0.6285986330300034,0.5192424654960632,10.339700698852539,0.822265625
1690,-0.6351747537946448,0.4985499978065491,8.263969421386719,0.84765625
1700,-0.6257402783547072,0.49997788667678833,8.09210205078125,0.84765625
1710,-0.6327225448690594,0.5109772086143494,7.8121843338012695,0.83203125
1720,-0.6311956706731278,0.4973134398460388,8.088504791259766,0.848790317773819
1730,-0.6370383480788937,0.5026459097862244,6.072530269622803,0.84375
1740,-0.6265227338935366,0.49584442377090454,7.069462776184082,0.849609375
1750,-0.6252232481960132,0.5026565194129944,8.046795845031738,0.84375
1760,-0.604141395300256,0.49663883447647095,11.68846321105957,0.849609375
1770,-0.6147955750197588,0.4892733097076416,22.422590255737305,0.861328125
1780,-0.6320424927147402,0.5051814317703247,10.210943222045898,0.83984375
1790,-0.6229988005961852,0.4978594481945038,5.6139984130859375,0.84765625
1800,-0.6148323682115854,0.49934911727905273,5.83101749420166,0.845703125
1810,-0.6548589515466602,0.5029604434967041,36.15327835083008,0.84375
1820,-0.6092259839150889,0.5172692537307739,80.20869445800781,0.82421875
1830,-0.5696825193462394,0.4795599579811096,66.22811126708984,0.875
1840,-0.6286610860809431,0.5245080590248108,70.97378540039062,0.818359375
1850,-0.6507533806239209,0.5148935317993164,63.30131912231445,0.828125
1860,-0.59373494400801,0.5161960124969482,89.6564712524414,0.826171875
1870,-0.3169104684562447,0.6477565765380859,536.3466186523438,0.7488217949867249
1880,-0.7133289523249149,0.48729294538497925,284.3262023925781,0.859375
1890,0.18761837313110163,0.8563590049743652,820.4002075195312,0.6015156209468842
1900,-0.581059937588099,0.49222999811172485,470.69207763671875,0.865234375
1910,0.032337857237353246,0.7575668096542358,610.4496459960938,0.6322656273841858
1920,-0.6257079598744644,0.522271990776062,682.3274536132812,0.830078125
1930,-0.4955708418680286,0.5058598518371582,126.23786163330078,0.8515625
1940,-0.45233465930604266,0.4939728379249573,116.87915802001953,0.86328125
1950,0.18017165880054284,0.7821736335754395,812.394287109375,0.6265999376773834
1960,-0.42602732045718156,0.5223483443260193,33.246337890625,0.830078125
1970,-0.003322113291597404,0.6615971922874451,383.883544921875,0.708859384059906
1980,0.015370815537159303,0.7123908996582031,448.5436096191406,0.6708133816719055
1990,-0.01767438212859514,0.6720707416534424,393.6128845214844,0.689328134059906
2000,-0.40712895944224486,0.5111588835716248,22.179567337036133,0.84375
2010,-0.42040260047675737,0.5185118913650513,18.53899574279785,0.83203125
2020,-0.27258427615722364,0.5408200025558472,151.2412567138672,0.817813903093338
2030,-0.36564164065974325,0.5074467658996582,33.87401580810547,0.849609375
2040,-0.36717585285228144,0.5134786367416382,14.433435440063477,0.837890625
2050,-0.36080467338690175,0.5141940116882324,39.95929718017578,0.8359375
2060,-0.34148154920282886,0.5031527280807495,19.20414924621582,0.8515625
2070,-0.2996487140508153,0.5245698094367981,30.155061721801758,0.826171875
2080,-0.012844845733266084,0.6459388732910156,297.0979309082031,0.7236093878746033
2090,-0.3902289759316818,0.5109047889709473,19.319583892822266,0.841796875
2100,-0.08448281392015611,0.6277633905410767,481.36328125,0.7294272482395172
2110,0.13165470147689298,0.7025648355484009,459.90093994140625,0.6654548048973083
2120,-0.3638823246826894,0.508142352104187,17.637245178222656,0.84765625
2130,-0.3234518959057678,0.5242156386375427,117.46282196044922,0.8274580538272858
2140,-0.36990506456953737,0.525221586227417,16.948930740356445,0.8203125
2150,-0.3740882129688336,0.5136539936065674,14.445074081420898,0.8366935551166534
2160,-0.3666009027967075,0.5267142653465271,26.626686096191406,0.818359375
2170,-0.3321728633612304,0.5228245258331299,15.018058776855469,0.822265625
2180,-0.259968502723079,0.5231192111968994,89.27860260009766,0.8351182639598846
2190,-0.37374525880487214,0.5064097046852112,15.147637367248535,0.84375
2200,-0.34793434137262524,0.5065642595291138,18.478654861450195,0.845703125
2210,-0.23129672717693323,0.5595940947532654,155.1802978515625,0.7879687547683716
2220,-0.24199404713550735,0.5517488718032837,312.9053649902344,0.811328113079071
2230,-0.3729179028705001,0.5020297765731812,17.44489097595215,0.849609375
2240,-0.3428455095283751,0.5207216739654541,29.002727508544922,0.82421875
2250,-0.3408010174445562,0.4971497654914856,12.218987464904785,0.85546875
2260,-0.38020528411316507,0.5007628202438354,21.69585418701172,0.8515625
2270,-0.34788726176856966,0.507684051990509,23.919225692749023,0.841796875
2280,-0.34867241634245316,0.5070444345474243,17.422985076904297,0.84375
2290,-0.3566694922355152,0.5216366648674011,15.830321311950684,0.822265625
2300,-0.37901912141500854,0.504009485244751,14.54742431640625,0.841796875
2310,-0.38094823652488985,0.505151093006134,22.377918243408203,0.84375
2320,-0.39536526282913054,0.5195285677909851,33.0463981628418,0.826171875
2330,-0.35918971920928044,0.5277825593948364,19.451433181762695,0.81640625
2340,-0.37489379711718146,0.5092829465866089,14.715023040771484,0.83984375
2350,-0.40782666920169086,0.48895299434661865,20.136558532714844,0.861328125
2360,-0.3465947859715824,0.5129542946815491,24.857738494873047,0.83203125
2370,-0.4091777954100837,0.5087015628814697,62.712860107421875,0.837890625
2380,-0.36033999652927884,0.5053237080574036,24.96397590637207,0.84765625
2390,-0.35076200596458523,0.5506860017776489,139.28680419921875,0.7980156242847443
2400,-0.3898875524109876,0.5154780149459839,24.344482421875,0.83203125
2410,-0.42257653398097034,0.5081257224082947,27.379486083984375,0.837890625
2420,-0.3922429767474833,0.5235496759414673,79.75314331054688,0.82167187333107
2430,-0.38052637564496095,0.5068046450614929,22.429574966430664,0.841796875
2440,-0.3338152970448172,0.5014129877090454,19.93489646911621,0.8515625
2450,-0.35585990250302474,0.48733168840408325,20.558462142944336,0.8671875
2460,0.1899542875186869,0.7314674854278564,905.4761352539062,0.6585653126239777
2470,-0.3637593292517047,0.5228226184844971,24.029098510742188,0.8203125
2480,-0.3612859241083497,0.4948962926864624,17.940471649169922,0.85546875
2490,-0.3916986359643577,0.48517006635665894,16.7650089263916,0.8671875
2500,-0.3419327265207996,0.5206681489944458,19.415969848632812,0.82421875
2510,0.10701234514412666,0.7220940589904785,575.2781982421875,0.6628082096576691
2520,-0.28635733318620055,0.5740546584129333,255.23036193847656,0.7798750102519989
2530,-0.24906757551370498,0.5668185949325562,266.2032165527344,0.7925341129302979
2540,-0.2733867381141066,0.5628117322921753,254.66880798339844,0.7903890907764435
2550,-0.3976821719600335,0.4932509660720825,12.737162590026855,0.859375
2560,-0.33121495757540836,0.5189120173454285,7.742486953735352,0.828125
2570,-0.11215565791835004,0.5957189798355103,369.99072265625,0.7650625109672546
2580,-0.2894600578604465,0.5035330057144165,59.17474365234375,0.855185478925705
2590,-0.374120902223624,0.5155813097953796,60.304420471191406,0.826171875
2600,-0.2880247042923209,0.5329055786132812,95.91593170166016,0.8159245848655701
2610,-0.35283856202744074,0.4981392025947571,12.40285587310791,0.8515625
2620,-0.38683655498652225,0.5124149918556213,76.79273986816406,0.83534374833107
2630,-0.34877343276294753,0.5057931542396545,14.075040817260742,0.84375
2640,-0.33096684858418474,0.5140853524208069,23.524507522583008,0.83203125
2650,-0.2821475465481613,0.5305260419845581,145.47573852539062,0.8207368552684784
2660,-0.416201949075421,0.4976595342159271,28.856386184692383,0.84765625
2670,-0.3584659712424505,0.5144157409667969,20.762849807739258,0.833984375
2680,-0.25697275713321455,0.5496531128883362,149.70164489746094,0.7988750040531158
2690,-0.33970471669381835,0.5111902952194214,22.373441696166992,0.833984375
2700,-0.2816497864129918,0.5308108925819397,129.11380004882812,0.8171582520008087
2710,-0.3920663545597414,0.49712294340133667,43.254451751708984,0.853515625
2720,-0.3249050832556733,0.5062570571899414,56.294803619384766,0.8427107036113739
2730,-0.21806568150345904,0.5433834791183472,156.81480407714844,0.8074531257152557
2740,-0.32010226261985053,0.5037285089492798,15.133678436279297,0.849609375
2750,-0.2720971948716955,0.5449636578559875,141.1980743408203,0.8007656335830688
2760,-0.35613133852685563,0.5096904039382935,26.472957611083984,0.833984375
2770,-0.35183307807038144,0.5032455325126648,16.771930694580078,0.845703125
2780,-0.13484727750474604,0.581702709197998,249.9590606689453,0.7754176557064056
2790,-0.11350764745220678,0.6045956015586853,349.8687744140625,0.7458767294883728
2800,-0.35006625388402257,0.5081424713134766,15.453938484191895,0.8359375
2810,-0.31730441505560547,0.5269031524658203,13.944107055664062,0.8125
2820,-0.32165657565863176,0.502427339553833,12.772686958312988,0.84765625
2830,-0.40202222940189264,0.5112230777740479,62.64616394042969,0.830078125
2840,-0.3493216654081117,0.5066438913345337,18.942262649536133,0.845703125
2850,-0.3980216208537073,0.5053556561470032,20.020174026489258,0.841796875
2860,-0.3416319403157934,0.5063960552215576,21.630836486816406,0.837890625
2870,-0.35870208031253775,0.5181809663772583,17.436931610107422,0.82421875
2880,0.14807873439246366,0.6724533438682556,599.6890258789062,0.6887239813804626
2890,-0.3132289384588572,0.5140044689178467,13.590038299560547,0.83203125
2900,-0.3605725940429206,0.5105400085449219,17.754175186157227,0.830078125
2910,-0.1913066943918626,0.5700453519821167,308.6943054199219,0.774310976266861
2920,-0.36671535587590587,0.5061782598495483,102.52132415771484,0.845703125
2930,-0.37292973300598814,0.4922444820404053,23.550912857055664,0.859375
2940,-0.335120521581736,0.5003885626792908,9.21231460571289,0.849609375
2950,-0.32923248199995175,0.494839608669281,25.184551239013672,0.85546875
2960,-0.2287731752900381,0.5319170951843262,206.67108154296875,0.818421870470047
2970,-0.33601136015191413,0.5155947208404541,19.93892478942871,0.830078125
2980,-0.3111746423616092,0.5220698118209839,14.86248779296875,0.8203125
2990,-0.36167995452756563,0.5029174089431763,29.129161834716797,0.841796875
3000,-0.3672472291387848,0.520937442779541,55.852210998535156,0.82421875
3010,-0.313889417929545,0.4962626099586487,14.967555046081543,0.8588709533214569
3020,-0.293460714044353,0.5080845952033997,29.292200088500977,0.8359375
3030,-0.22585356181097913,0.5545117855072021,176.63217163085938,0.7893281280994415
3040,0.009146572573797612,0.6443411111831665,453.55841064453125,0.6980781257152557
3050,-0.2557608526128472,0.5392287969589233,181.4890594482422,0.8075468838214874
3060,-0.3410571018884839,0.5079247355461121,38.328712463378906,0.8359375
3070,-0.33394567023622856,0.5036087036132812,26.644901275634766,0.84375
3080,-0.2827920897163612,0.5128819942474365,43.14360427856445,0.8348647058010101
3090,-0.3034397429615371,0.5072636604309082,12.431354522705078,0.83984375
3100,-0.3540441173677168,0.49657005071640015,20.44466209411621,0.84765625
3110,-0.38358989843098495,0.5092499256134033,40.96729278564453,0.8359375
3120,-0.36514116895293286,0.4910149872303009,24.96904945373535,0.861328125
3130,-0.3383346827027689,0.5082762241363525,15.789837837219238,0.83984375
3140,-0.05515503535446582,0.5764336585998535,404.11517333984375,0.7684498727321625
3150,-0.3619895282440736,0.5030978918075562,64.43685150146484,0.84765625
3160,-0.3106579017494217,0.5123875737190247,22.437347412109375,0.8359375
3170,-0.3066899345693117,0.5079978704452515,23.141538619995117,0.83984375
3180,-0.24760874507279085,0.5063909888267517,61.47787094116211,0.846940279006958
3190,-0.13417296576989224,0.5867372751235962,285.6138916015625,0.7533593773841858
3200,-0.31410823560347834,0.4906986355781555,9.472841262817383,0.859375
3210,-0.310661158220268,0.512103796005249,19.641664505004883,0.833984375
3220,-0.2914101072088773,0.5048343539237976,14.29697322845459,0.84375
3230,-0.30482433556977234,0.5016423463821411,31.87841796875,0.8489687442779541
3240,-0.3042786559126721,0.5186694264411926,20.20463752746582,0.822265625
3250,-0.3271562774653462,0.503052830696106,36.23024368286133,0.84765625
3260,-0.34533390484096127,0.4934658408164978,16.723915100097656,0.85546875
3270,-0.3187181869861184,0.5066007375717163,38.69148635864258,0.841796875
3280,-0.3051486184541648,0.5211119651794434,39.61494445800781,0.8233749866485596
3290,-0.3722322238083157,0.4981021285057068,56.95525360107422,0.849609375
3300,-0.25041198558047584,0.539880633354187,203.3404083251953,0.8082098960876465
3310,-0.33023106734440405,0.4889981150627136,22.648523330688477,0.861328125
3320,-0.32097529094670857,0.5238198041915894,26.167877197265625,0.8203125
3330,0.15558002154925551,0.6606676578521729,754.7503051757812,0.686992883682251
3340,0.12865847693620985,0.6617900133132935,746.3209838867188,0.6779336035251617
3350,-0.31932762458472475,0.4810955822467804,22.112302780151367,0.87109375
3360,-0.2557222590465757,0.5182450413703918,70.35245513916016,0.8305755853652954
3370,-0.3424036809313515,0.49455782771110535,13.59496021270752,0.8515625
3380,-0.3378388036984051,0.5214779376983643,36.9729118347168,0.8203125
3390,-0.39321551969158575,0.48352617025375366,20.468507766723633,0.8671875
3400,-0.3516445866077443,0.4967247247695923,24.784130096435547,0.849609375
3410,-0.27738456953160917,0.5095182061195374,67.6102294921875,0.8352031111717224
3420,-0.26188800050046906,0.5204033255577087,16.113269805908203,0.828125
3430,-0.32134957063626446,0.5110311508178711,21.387819290161133,0.83203125
3440,-0.329490604917473,0.5018948912620544,48.962677001953125,0.8467741906642914
3450,-0.35070387118135055,0.4976901412010193,50.6878547668457,0.8489687442779541
3460,-0.3494965293081616,0.5032646656036377,17.781757354736328,0.83984375
3470,-0.3074935055820385,0.5053830742835999,29.292072296142578,0.84375
3480,-0.36117568117827004,0.5002356767654419,58.986141204833984,0.83984375
3490,0.1774012953210086,0.6965856552124023,580.137939453125,0.6292031109333038
3500,-0.32780401765395756,0.4916113317012787,14.198695182800293,0.859375
3510,-0.3130413678294106,0.5116866230964661,11.856995582580566,0.830078125
3520,0.1611844983590317,0.6798160672187805,517.4308471679688,0.6478889584541321
3530,-0.3609333176924669,0.5223872661590576,25.14391326904297,0.814453125
3540,-0.28946728260239635,0.4990328848361969,24.549663543701172,0.849609375
3550,-0.33618108667748053,0.515397310256958,44.616249084472656,0.82421875
3560,0.11656887970036417,0.6625180840492249,366.6763610839844,0.6647682785987854
3570,0.2786385861456058,0.6876965761184692,897.1005249023438,0.6222011148929596
3580,-0.3740594971519515,0.5098789930343628,23.669923782348633,0.83984375
3590,-0.29256994342795895,0.5163286924362183,33.97239303588867,0.830078125
3600,-0.2761961683825329,0.5090352892875671,23.59836196899414,0.837890625
3610,-0.18642741002950133,0.5367118716239929,211.7481689453125,0.8043124973773956
3620,-0.2877931472718254,0.5098748803138733,11.77711296081543,0.83203125
3630,-0.3184960495443838,0.48894280195236206,34.967628479003906,0.86328125
3640,-0.32212477723770905,0.4820440113544464,22.671985626220703,0.87109375
3650,-0.3162733786888691,0.5034357905387878,14.135111808776855,0.841796875
3660,0.015175343332940315,0.6197910308837891,538.0784301757812,0.7140312492847443
3670,-0.3155807382433634,0.5024905204772949,20.46394920349121,0.841796875
3680,-0.07151310002485033,0.5731513500213623,365.3083190917969,0.7630549073219299
3690,-0.3503719710546473,0.49917393922805786,28.022388458251953,0.845703125
3700,-0.22802211907014522,0.5183557271957397,126.60765838623047,0.8233260214328766
3710,-0.36025474122231527,0.498577356338501,67.2972640991211,0.84765625
3720,-0.3073508271534628,0.5219428539276123,15.155220031738281,0.818359375
3730,-0.34729553640446204,0.5181664228439331,30.642290115356445,0.82421875
3740,-0.33119547301498364,0.5087624192237854,18.093936920166016,0.830078125
3750,-0.28388590439553546,0.515541136264801,84.0217514038086,0.8233437538146973
3760,-0.2994243879345862,0.5251044631004333,53.06972885131836,0.815171867609024
3770,-0.31055719081753275,0.5005061626434326,34.580078125,0.8402031362056732
3780,-0.34008510081679416,0.49915632605552673,17.7307186126709,0.841796875
3790,-0.30872305797591465,0.5026688575744629,12.71961784362793,0.83984375
3800,-0.33952604600706116,0.5024224519729614,21.067298889160156,0.833984375
3810,-0.3293229285252521,0.4830271005630493,19.592947006225586,0.869140625
3820,-0.2951698224113635,0.5243547558784485,21.77646255493164,0.81640625
3830,-0.23696747529474052,0.5309200882911682,162.21519470214844,0.809890627861023
3840,-0.34997519083154427,0.49687379598617554,21.640186309814453,0.841796875
3850,-0.340511917299721,0.4976649880409241,16.547731399536133,0.845703125
3860,-0.35648730605798357,0.49441927671432495,39.8055305480957,0.8515625
3870,-0.36059020610183584,0.4967552721500397,24.068151473999023,0.8447580635547638
3880,-0.32551172183719534,0.5080373883247375,28.481346130371094,0.83203125
3890,-0.3554716095379739,0.4868462085723877,17.390100479125977,0.859375
3900,-0.3746077160462528,0.5109025239944458,20.988168716430664,0.82421875
3910,-0.34505972173346766,0.5031479597091675,20.686193466186523,0.84375
3920,-0.3090189008372788,0.5111308097839355,17.758060455322266,0.828125
3930,-0.3016512080538919,0.5018923878669739,32.759246826171875,0.842470645904541
3940,-0.3795779296058795,0.5194433927536011,39.3635139465332,0.810546875
3950,-0.3259874267881194,0.4885796010494232,28.22461700439453,0.857421875
3960,-0.2143443034361924,0.5411020517349243,169.90306091308594,0.8026907444000244
3970,-0.31173361979167613,0.5126503705978394,13.815738677978516,0.826171875
3980,-0.35017738025998635,0.5076838135719299,21.99063491821289,0.83203125
3990,-0.30608975640874625,0.5192762017250061,12.763986587524414,0.8203125
4000,-0.31497255164820975,0.5106658935546875,15.272908210754395,0.833984375
4010,-0.3208723216248678,0.48235023021698,14.956356048583984,0.865234375
4020,-0.3245057466236638,0.5125330090522766,23.98140525817871,0.822265625
4030,-0.3332670730907633,0.5081170797348022,53.73965835571289,0.8328906297683716
4040,-0.2901177252409136,0.499032586812973,16.021203994750977,0.84765625
4050,-0.3983799259329126,0.5023036599159241,28.002920150756836,0.8359375
4060,-0.33888441366727706,0.49889665842056274,15.810094833374023,0.84375
4070,-0.31807335477012005,0.5050056576728821,32.53251266479492,0.837890625
4080,-0.3315264224097093,0.5038288831710815,12.36456298828125,0.8359375
4090,-0.22766673639917928,0.5047024488449097,55.378028869628906,0.841784656047821
4100,0.322696065438174,0.7150851488113403,679.712158203125,0.5998702049255371
4110,-0.11909377902638986,0.5407055020332336,336.6911926269531,0.8032031357288361
4120,-0.3469341600113339,0.510087251663208,35.37968444824219,0.830078125
4130,-0.3376022615676474,0.5012951493263245,37.71406936645508,0.83984375
4140,-0.0685238213839795,0.5606215000152588,384.69189453125,0.7758558690547943
4150,0.12028370405551718,0.6333503723144531,413.3100280761719,0.687847912311554
4160,-0.3156887038696587,0.5228126049041748,22.721399307250977,0.814453125
4170,-0.3341564772548827,0.5015386343002319,21.098264694213867,0.841796875
4180,-0.28348671076685783,0.49866020679473877,14.344687461853027,0.849609375
4190,-0.33518483007942396,0.49714189767837524,28.97570037841797,0.84375
4200,-0.07537455995397216,0.5584947466850281,343.5638122558594,0.7733006775379181
4210,-0.2988499289121931,0.4971962869167328,23.796688079833984,0.8515625
4220,-0.2551815312787059,0.512782096862793,24.552915573120117,0.828125
4230,-0.32620131119989176,0.5092644095420837,29.123706817626953,0.828125
4240,-0.32553374525280704,0.4940948486328125,23.65933609008789,0.84765625
4250,-0.3535717621902569,0.48116621375083923,41.71604919433594,0.8671875
4260,-0.0803765641361943,0.579195499420166,415.7806701660156,0.7720156311988831
4270,0.16801553963292493,0.6487754583358765,473.96136474609375,0.6515681743621826
4280,0.1287845177121345,0.6216551065444946,520.4609985351562,0.684745579957962
4290,-0.2848226241525274,0.5081348419189453,24.6350040435791,0.837890625
4300,-0.32214548595696985,0.4831056594848633,34.925315856933594,0.8709677457809448
4310,-0.27891230853928173,0.5096184611320496,17.769350051879883,0.8359375
4320,-0.35708792393440014,0.5013243556022644,40.428871154785156,0.845703125
4330,-0.3135529130051389,0.5095957517623901,18.532146453857422,0.830078125
4340,0.07668895717076003,0.6286217570304871,320.9949035644531,0.6618906259536743
4350,-0.3567264856914957,0.5077121257781982,175.09323120117188,0.837890625
4360,-0.338725147596563,0.5116759538650513,94.16918182373047,0.83203125
4370,-0.2839997236604064,0.493305504322052,41.04016876220703,0.861328125
4380,-0.2795256979361816,0.4846504330635071,54.16022872924805,0.8671875
4390,-0.27053422213320677,0.5048189163208008,25.08001136779785,0.83984375
4400,-0.10996770222385718,0.5585099458694458,303.3578186035156,0.7607385516166687
4410,-0.08881264773768958,0.5676454305648804,315.66375732421875,0.7473051249980927
4420,-0.18064017202951635,0.5149714350700378,276.8736877441406,0.8221249878406525
4430,-0.31268471263514735,0.5170432329177856,45.648658752441406,0.822265625
4440,-0.33100042547804925,0.4927462339401245,29.766450881958008,0.845703125
4450,-0.2729946390907656,0.49763306975364685,24.87616729736328,0.84375
4460,-0.3507819235507499,0.4912217855453491,58.641632080078125,0.849609375
4470,-0.32380146677535204,0.5125538110733032,30.658306121826172,0.822265625
4480,-0.22770037606189067,0.502151608467102,70.84249877929688,0.8439687490463257
4490,-0.2113128475744646,0.5428216457366943,207.48348999023438,0.7881718873977661
4500,-0.35958483035984784,0.5098663568496704,38.80801773071289,0.82421875
4510,-0.3618741768481273,0.5188995003700256,26.534793853759766,0.8046875
4520,-0.036823018812867994,0.5652386546134949,445.494140625,0.7651406228542328
4530,-0.29747101981875507,0.5000989437103271,21.765010833740234,0.84765625
4540,-0.2228809257997738,0.5050679445266724,80.61931610107422,0.8392187356948853
4550,-0.3397004483198571,0.5097782015800476,64.8028564453125,0.828125
4560,-0.2785756481846515,0.5170384049415588,41.2137451171875,0.822265625
4570,-0.2653491074985412,0.4887334108352661,16.634748458862305,0.859375
4580,-0.3090076729525668,0.4914276599884033,24.267518997192383,0.85546875
4590,-0.20433129655004473,0.5316616296768188,253.15318298339844,0.8033125102519989
4600,-0.28206961225729227,0.5095970034599304,21.307205200195312,0.833984375
4610,-0.3703301783408773,0.4912053346633911,45.99339294433594,0.849609375
4620,-0.31217201047822885,0.4980399012565613,23.764659881591797,0.83984375
4630,-0.30184571569180113,0.4952946901321411,13.981636047363281,0.849609375
4640,-0.35822168428750967,0.49249011278152466,28.697378158569336,0.84765625
4650,-0.3604366611795571,0.4859848618507385,45.68307876586914,0.853515625
4660,-0.257255846780105,0.5091862678527832,88.19829559326172,0.8322060704231262
4670,-0.35272752385253725,0.48285746574401855,24.67287254333496,0.86328125
4680,0.041024873065769386,0.6180590391159058,563.21630859375,0.7039531171321869
4690,-0.30191808261454445,0.5037376284599304,26.622272491455078,0.833984375
4700,-0.3453126211907814,0.49439185857772827,34.61868667602539,0.845703125
4710,-0.27259894702507487,0.4995361566543579,21.241960525512695,0.84375
4720,-0.23181069251742806,0.5264986753463745,176.5389404296875,0.8098472058773041
4730,-0.32567499758513774,0.4908686876296997,16.72966766357422,0.848790317773819
4740,-0.36375230714797807,0.48291248083114624,17.410751342773438,0.857421875
4750,-0.3469914976973225,0.48863327503204346,33.385074615478516,0.84765625
4760,-0.33397863428540997,0.5073661804199219,33.29620361328125,0.826171875
4770,-0.3678300666250339,0.4981205463409424,47.90336990356445,0.83984375
4780,-0.3704568996558952,0.4894716143608093,26.91695785522461,0.845703125
4790,-0.33911841136820614,0.47706887125968933,32.31855010986328,0.869140625
4800,-0.34164267146860117,0.504284679889679,42.56504440307617,0.830078125
4810,-0.3696795685082649,0.4892827272415161,51.1269645690918,0.84765625
4820,-0.36799748905847524,0.4916996955871582,41.43683624267578,0.837890625
4830,0.019652407970265864,0.5949285626411438,546.1862182617188,0.7270468473434448
4840,-0.4229503268410016,0.48195239901542664,32.23884582519531,0.857421875
4850,-0.31439290170328443,0.4741440415382385,39.25792694091797,0.873046875
4860,-0.04765660369276735,0.5713921785354614,396.6683349609375,0.7585203051567078
4870,-0.19361874308317872,0.5240959525108337,217.1511993408203,0.8086250126361847
4880,-0.35467471612072904,0.49141836166381836,26.901426315307617,0.837890625
4890,-0.24259200560313177,0.4994211196899414,30.210180282592773,0.841796875
4900,-0.2754692666911763,0.5186008214950562,50.59974670410156,0.8145136833190918
4910,-0.2741143877091265,0.4982486367225647,37.130470275878906,0.845703125
4920,-0.10836471735390854,0.541008472442627,267.1031799316406,0.7980102002620697
4930,-0.31032580434194024,0.4902125597000122,19.847200393676758,0.857421875
4940,-0.31061909415098066,0.5058525204658508,36.83868408203125,0.833984375
4950,-0.3103783421960373,0.4826536774635315,48.04100799560547,0.86328125
4960,-0.3300010086044241,0.487530380487442,39.3752555847168,0.8515625
4970,-0.3853239943442777,0.4874350428581238,35.54689025878906,0.8515625
4980,-0.3431742788417873,0.48847371339797974,43.77748107910156,0.853515625
4990,-0.3515496125381266,0.49879148602485657,44.39677810668945,0.83984375
5000,-0.26488394579346813,0.5024101734161377,77.03539276123047,0.841796875
5010,-0.31978615638751773,0.4837552309036255,28.693483352661133,0.859375
5020,-0.25876173691431464,0.488523006439209,31.345741271972656,0.85546875
5030,-0.26375719990831914,0.527899444103241,227.0291290283203,0.791078120470047
5040,-0.31262151028810947,0.4828774929046631,42.11835479736328,0.853515625
5050,-0.3270923834492645,0.49494844675064087,40.04215621948242,0.8359375
5060,-0.3608167137325413,0.5083720088005066,40.1309928894043,0.82421875
5070,-0.29012412885058,0.4921870529651642,46.131473541259766,0.849609375
5080,-0.37226429269473477,0.4968077540397644,88.30728912353516,0.83203125
5090,-0.24775945515056502,0.49567919969558716,44.95682907104492,0.84375
5100,-0.329272726262715,0.4970912039279938,46.50567626953125,0.833984375
5110,-0.2993626280976434,0.4931337833404541,24.602190017700195,0.849609375
5120,-0.3189976985045991,0.5016865134239197,34.24529266357422,0.8359375
5130,-0.33034369486380777,0.5065420269966125,26.00900650024414,0.828125
5140,-0.10389170726637056,0.570794403553009,286.1331787109375,0.7464962601661682
5150,-0.3480841520881873,0.4917755722999573,43.82389831542969,0.837890625
5160,0.0006750041025652695,0.5664591789245605,296.9230041503906,0.7670424580574036
5170,-0.3670734298168095,0.47667309641838074,64.4856948852539,0.87109375
5180,-0.34175809736604185,0.5016262531280518,54.369895935058594,0.826171875
5190,-0.36209373262548783,0.48864632844924927,67.38876342773438,0.841796875
5200,-0.32207507854740025,0.4913194179534912,43.923458099365234,0.84765625
5210,-0.36110304880190053,0.4974697530269623,33.430015563964844,0.82421875
5220,-0.22603455466907924,0.522266685962677,224.94119262695312,0.805406242609024
5230,-0.3292367908557528,0.4879099130630493,28.967557907104492,0.861328125
5240,-0.02157605841997792,0.5910489559173584,315.6728210449219,0.7255781292915344
5250,-0.21576683624735346,0.5116406083106995,184.6935577392578,0.8261406123638153
5260,-0.35260634788886486,0.492168664932251,51.2943229675293,0.84375
5270,-0.30621648835797627,0.5007166862487793,31.09804916381836,0.8359375
5280,-0.23281710252753174,0.4903365969657898,38.307804107666016,0.853515625
5290,-0.11305049284265699,0.5479888916015625,268.55596923828125,0.7808484435081482
5300,-0.30648482825095674,0.5220966339111328,189.98512268066406,0.804031252861023
5310,-0.258467773183144,0.5122057199478149,204.6490936279297,0.8134062588214874
5320,-0.2952093718262331,0.504388153553009,38.1554069519043,0.828125
5330,-0.40020251480606145,0.48071566224098206,46.60660171508789,0.853515625
5340,-0.21786302699743715,0.5392864942550659,260.2821960449219,0.7860937416553497
5350,-0.3271362082287849,0.4989771842956543,32.603267669677734,0.833984375
5360,-0.27535609327229305,0.5090528130531311,53.65436935424805,0.8203125
5370,-0.3345615596646154,0.4971434473991394,35.75874328613281,0.830078125
5380,-0.2955003994506794,0.48487991094589233,46.11783218383789,0.84765625
5390,-0.36677133097826436,0.47491103410720825,61.958099365234375,0.861328125
5400,-0.34342846886271733,0.509823203086853,58.52496337890625,0.81640625
5410,-0.36025713831852807,0.4850821793079376,36.45101547241211,0.841796875
5420,0.17520321447425408,0.6216682195663452,369.11224365234375,0.7099914848804474
5430,0.07862174724284558,0.614062488079071,376.0960693359375,0.6959548890590668
5440,-0.24155731319386137,0.5293494462966919,95.70724487304688,0.8071641027927399
5450,-0.2960334944329035,0.48113444447517395,47.65495300292969,0.859375
5460,-0.2802112967175519,0.4787549376487732,22.37688446044922,0.857421875
5470,-0.3651499463181577,0.5057660937309265,107.78296661376953,0.80995312333107
5480,-0.3017730321127025,0.5054872035980225,24.540016174316406,0.828125
5490,-0.1323258666747495,0.6113442182540894,282.4840393066406,0.7543750107288361
5500,-0.3079691876142497,0.4738791882991791,73.86133575439453,0.861328125
5510,-0.28163422322840864,0.4960886240005493,22.975244522094727,0.83203125
5520,-0.26393452903639986,0.4994780421257019,241.0894012451172,0.8378437459468842
5530,-0.31780323340309496,0.49933135509490967,88.95030212402344,0.8359375
5540,-0.25857491433406077,0.47658899426460266,43.05598831176758,0.86328125
5550,-0.06194380457647435,0.5263456702232361,309.37322998046875,0.8131490051746368
5560,-0.2352615245988035,0.5398133993148804,277.9937438964844,0.7801874876022339
5570,-0.37899352037832124,0.47727862000465393,51.512840270996094,0.861328125
5580,-0.30840939950700774,0.4911208152770996,32.43474578857422,0.83203125
5590,-0.16433805040312596,0.5227075815200806,272.4913024902344,0.8075403273105621
5600,-0.32065138262232157,0.4810374975204468,31.487794876098633,0.85546875
5610,-0.2787478286147616,0.4900739789009094,67.20938873291016,0.845703125
5620,-0.2684476286418864,0.4975050687789917,39.65434646606445,0.8359375
5630,-0.04534306976100537,0.561907172203064,347.64996337890625,0.7533749938011169
5640,0.023619364265356067,0.5746203660964966,413.89276123046875,0.735609382390976
5650,-0.3788339979501696,0.4689027667045593,34.850555419921875,0.865234375
5660,-0.3155430896667231,0.49865442514419556,41.94795608520508,0.833984375
5670,-0.23260853285594163,0.49433624744415283,64.75872802734375,0.84765625
5680,-0.27219037836030363,0.4851347804069519,33.130149841308594,0.853515625
5690,-0.3771355675484851,0.48046496510505676,68.17048645019531,0.849609375
5700,-0.26163591963296046,0.477435827255249,51.74464416503906,0.865234375
5710,-0.3131386870056217,0.4871416985988617,44.09856033325195,0.8515625
5720,-0.34487871047606816,0.4730468988418579,44.78120803833008,0.86328125
5730,-0.35950071404510786,0.4769989252090454,49.16026306152344,0.861328125
5740,0.07288098904647597,0.5958536863327026,315.4743347167969,0.7123124897480011
5750,-0.23184388772520428,0.5116145014762878,167.4978485107422,0.8194830417633057
5760,-0.3493517257833934,0.47852665185928345,65.01534271240234,0.853515625
5770,0.1451550057827181,0.6220269203186035,442.3254699707031,0.6817155182361603
5780,-0.33388247950216066,0.48264408111572266,55.018001556396484,0.849609375
5790,-0.340707360076567,0.49537038803100586,43.08404541015625,0.84375
5800,-0.325613023056857,0.4833196997642517,34.28769302368164,0.8515625
5810,-0.3022123698242873,0.5016704797744751,60.72240447998047,0.82421875
5820,-0.305721728322757,0.5239452719688416,41.6612663269043,0.802734375
5830,-0.3604497805504791,0.483628511428833,62.08689498901367,0.857421875
5840,-0.2541332766627365,0.48933011293411255,30.911211013793945,0.849609375
5850,-0.3943193417129223,0.4829421043395996,41.880680084228516,0.849609375
5860,-0.34550468709258153,0.4826774299144745,33.87045669555664,0.86328125
5870,-0.3577495293188796,0.4989882707595825,59.564002990722656,0.833984375
5880,-0.3724277152912603,0.47728219628334045,45.46138381958008,0.86328125
5890,-0.36013703696462585,0.4879017174243927,64.78544616699219,0.845703125
5900,-0.16151537720345727,0.5357367396354675,335.3358459472656,0.7981491088867188
5910,-0.36626676755289783,0.4886614680290222,104.90760040283203,0.84765625
5920,-0.16070396628192848,0.5146596431732178,255.34466552734375,0.8247547149658203
5930,0.03634209261369591,0.574101448059082,363.8062438964844,0.7281875014305115
5940,-0.19953119649446113,0.5379485487937927,219.88633728027344,0.7999877631664276
5950,0.1705393055906682,0.5933735370635986,446.22064208984375,0.7054917812347412
5960,-0.3230078033856865,0.4916064739227295,66.70005798339844,0.8671875
5970,-0.3013285574169386,0.48965972661972046,100.85407257080078,0.8602343797683716
5980,-0.2223068604411143,0.49399226903915405,50.98477554321289,0.875
5990,-0.34466803912938476,0.4672473967075348,36.9820671081543,0.8917812407016754
6000,-0.31302846760821396,0.4990091621875763,50.47286605834961,0.8535320162773132
6010,-0.3386747862277159,0.48146623373031616,48.17670822143555,0.8832656145095825
6020,-0.2958789713842591,0.4877617359161377,32.261207580566406,0.8669354915618896
6030,-0.2545622209889087,0.4978868365287781,48.4348258972168,0.859934538602829
6040,-0.3371196303398946,0.4954717755317688,53.709476470947266,0.8571250140666962
6050,-0.35831459612277194,0.47951415181159973,67.80638885498047,0.8752870857715607
6060,-0.3183134340121481,0.48488950729370117,44.049293518066406,0.876201719045639
6070,-0.27389405996323957,0.4998597502708435,57.679664611816406,0.8661443591117859
6080,-0.17565562498483672,0.5429674983024597,174.7030487060547,0.7876309752464294
6090,-0.2974673664212259,0.4821029305458069,31.61471176147461,0.8830830752849579
6100,-0.37178276079144973,0.4758026897907257,64.21483612060547,0.8754720091819763
6110,-0.41489239949681905,0.47609347105026245,110.00369262695312,0.877609372138977
6120,-0.3012857249769067,0.4773484468460083,42.0782585144043,0.8857414722442627
6130,-0.29182301351066525,0.4905848503112793,57.563594818115234,0.8642616271972656
6140,-0.27177707099316567,0.5043243765830994,48.666561126708984,0.8452001810073853
6150,-0.3363893041574949,0.47317811846733093,50.54632568359375,0.881210058927536
6160,-0.3759931372354727,0.4799792766571045,78.52410888671875,0.8638906180858612
6170,-0.32364212292237227,0.47842198610305786,24.340660095214844,0.8812134563922882
6180,-0.2829274608019609,0.5128122568130493,157.33428955078125,0.8275781273841858
6190,-0.2937367826394804,0.46610182523727417,33.48851776123047,0.8996209502220154
6200,-0.3985527770950587,0.48534664511680603,56.712955474853516,0.8651874959468842
6210,-0.2464153614682177,0.5145115852355957,169.3392333984375,0.8327719271183014
6220,-0.10046876013127023,0.5286648273468018,271.5198669433594,0.8141891956329346
6230,-0.34331391592868055,0.4833807349205017,38.61086654663086,0.876376211643219
6240,-0.3259906306396364,0.4724438190460205,99.38004302978516,0.8724021911621094
6250,-0.4014176377095022,0.4961854815483093,142.90631103515625,0.8482656180858612
6260,-0.1472378566958901,0.5327204465866089,345.8834533691406,0.7949883341789246
6270,-0.2961076164749385,0.46859219670295715,56.43187713623047,0.8890860974788666
6280,-0.3684717598260248,0.47605907917022705,91.34081268310547,0.8787656128406525
6290,-0.3716855603642737,0.48655661940574646,56.359920501708984,0.8623294830322266
6300,-0.35603190346656444,0.4736250638961792,36.813812255859375,0.8865781128406525
6310,-0.3369329055097546,0.47688543796539307,69.63526153564453,0.8762193322181702
6320,-0.35988451303875124,0.4620699882507324,53.64274215698242,0.8965937495231628
6330,0.39830523460813166,0.6924529075622559,628.8955688476562,0.578359380364418
6340,-0.3842963695533759,0.4723147749900818,71.48650360107422,0.8848749995231628
6350,-0.29766491576558063,0.485598623752594,69.34191131591797,0.8703225553035736
6360,-0.4010360379228594,0.48215657472610474,68.43963623046875,0.8652499914169312
6370,-0.3140881455552819,0.4951929450035095,46.235084533691406,0.848636269569397
6380,-0.3079303714818827,0.49031245708465576,113.8891830444336,0.8654531240463257
6390,-0.36161047563536747,0.4780491590499878,52.40849685668945,0.8742656111717224
6400,-0.3755440208944707,0.49694138765335083,67.07660675048828,0.8448125123977661
6410,-0.35918627034361134,0.4905170202255249,75.10172271728516,0.8528477847576141
6420,-0.38488900338096904,0.4919590353965759,48.36326599121094,0.8532812595367432
6430,-0.3775845131879126,0.479586124420166,74.4545669555664,0.8604375123977661
6440,-0.32569110841332544,0.47946518659591675,73.55538177490234,0.8722571730613708
6450,-0.3080278239282138,0.48745816946029663,28.379728317260742,0.8652282357215881
6460,-0.26990203293908926,0.4872067868709564,70.33274841308594,0.8593967258930206
6470,-0.3088866645418015,0.476610004901886,48.322025299072266,0.8765578866004944
6480,-0.33551683506936514,0.46901077032089233,42.83277893066406,0.8751099407672882
6490,0.04020626778779346,0.5629258751869202,476.7013244628906,0.7369687557220459
6500,-0.3270976093464488,0.4983651340007782,68.80177307128906,0.8515165150165558
6510,0.11808546776642251,0.5887308716773987,401.4201965332031,0.7041187286376953
6520,-0.29122859054469746,0.5079544186592102,51.23221206665039,0.8345055878162384
6530,-0.3797545067436896,0.46822255849838257,77.93462371826172,0.8807187378406525
6540,-0.34233264465688906,0.4673175811767578,70.36373138427734,0.881130039691925
6550,-0.248621848849581,0.49668246507644653,114.10335540771484,0.8377957344055176
6560,-0.3919344049448347,0.49448874592781067,121.32659912109375,0.8494687378406525
6570,-0.2601549798186474,0.48798418045043945,128.3750457763672,0.8581848442554474
6580,-0.33064455700350526,0.46147075295448303,37.48729705810547,0.8845226466655731
6590,-0.2621716698098092,0.4998610019683838,180.31646728515625,0.8299193978309631
6600,-0.3817546296123244,0.4865557849407196,84.24311065673828,0.8519843816757202
6610,0.048125914357158406,0.5943558216094971,477.82061767578125,0.6959218680858612
6620,-0.3577915543912871,0.488699734210968,61.50997543334961,0.8569374978542328
6630,-0.34749896395931035,0.4839792251586914,87.14469146728516,0.8632968664169312
6640,-0.28405261062894027,0.506260097026825,161.82382202148438,0.8283750116825104
6650,-0.31902433157185417,0.49491357803344727,207.35801696777344,0.8473102152347565
6660,-0.3872041224286766,0.47571009397506714,80.38902282714844,0.8700918555259705
6670,-0.33800552200807255,0.49284008145332336,61.46928405761719,0.8539843857288361
6680,-0.31720006993759575,0.4939005970954895,59.65019607543945,0.8504244685173035
6690,-0.3918829214846366,0.4679689407348633,44.67547607421875,0.8649080991744995
6700,-0.44165315472663974,0.4599679708480835,100.52310180664062,0.877671867609024
6710,0.10002610607260454,0.5828695297241211,396.1247863769531,0.7282316982746124
6720,-0.05672105718189388,0.5409821271896362,359.225341796875,0.7957088649272919
6730,-0.3487411991947541,0.4997102916240692,50.341068267822266,0.8312757611274719
6740,-0.41634161305828615,0.4840584099292755,92.4966049194336,0.8518750071525574
6750,-0.38598591184368347,0.47957152128219604,66.4489974975586,0.8553589284420013
6760,-0.4048523193240658,0.48624175786972046,50.43600845336914,0.8500312566757202
6770,-0.2545209421247763,0.49754923582077026,145.3983917236328,0.8480156362056732
6780,-0.3004367756268176,0.48150205612182617,53.10441589355469,0.8539702594280243
6790,-0.01152055174347307,0.5677885413169861,321.88311767578125,0.7428220212459564
6800,-0.259711332292872,0.4848652184009552,96.30879974365234,0.8517720997333527
6810,-0.39776727155037006,0.4722817838191986,131.3969268798828,0.8683125078678131
6820,-0.3715800003719,0.4686509966850281,66.3997802734375,0.8718439936637878
6830,-0.3768017825800491,0.4678206443786621,59.70709991455078,0.871051549911499
6840,-0.4360817563148634,0.4586119055747986,110.24000549316406,0.883531242609024
6850,0.039202330293668236,0.5686251521110535,406.89691162109375,0.7466378509998322
6860,-0.318270506168861,0.5012142062187195,116.88467407226562,0.8356122076511383
6870,-0.38969515909328317,0.47682857513427734,70.20130157470703,0.8608437478542328
6880,-0.28984685700035223,0.49030035734176636,234.92718505859375,0.8372661173343658
6890,-0.40717114573836444,0.48849421739578247,120.97091674804688,0.8447187542915344
6900,-0.3639755733525935,0.4831637740135193,108.29569244384766,0.8529999852180481
6910,-0.22904848553651028,0.4929646849632263,49.2901725769043,0.8457741439342499
6920,-0.393205642030619,0.4831952452659607,73.79309844970703,0.856187492609024
6930,-0.4541785085589428,0.4636571407318115,66.5566635131836,0.8819218873977661
6940,0.018204397315543075,0.5639582276344299,374.5176086425781,0.72715625166893
6950,-0.36109904077997135,0.4782021939754486,60.853370666503906,0.8568569123744965
6960,-0.31717598069411057,0.47746241092681885,49.38310623168945,0.8641060590744019
6970,0.05777189069198946,0.5851846933364868,335.812744140625,0.7041249871253967
6980,-0.3997710363282482,0.47820475697517395,65.72137451171875,0.8610000014305115
6990,-0.313481138409369,0.48714107275009155,41.79397201538086,0.8541378974914551
7000,-0.1876689844009988,0.5007147789001465,70.3042221069336,0.8453769683837891
7010,0.023658162432162184,0.5734236240386963,386.1582336425781,0.720703125
7020,-0.34188676021772046,0.47777268290519714,107.6360855102539,0.8601598739624023
7030,-0.25016992509213415,0.47955322265625,70.03189086914062,0.8569110631942749
7040,-0.05234457461963002,0.539974570274353,455.7721862792969,0.7668696641921997
7050,-0.2534646208698121,0.47681277990341187,90.33192443847656,0.8739832937717438
7060,-0.3547021666670981,0.5009813904762268,98.08540344238281,0.8232983350753784
7070,-0.19223364617821018,0.49125972390174866,251.20118713378906,0.8425431847572327
7080,-0.28830172378156227,0.4867745041847229,147.61651611328125,0.8451083302497864
7090,-0.3476049288460071,0.4662010669708252,86.04795837402344,0.8783281147480011
7100,-0.30165499422788195,0.4891529381275177,130.09808349609375,0.8443965911865234
7110,-0.22274345827937025,0.5101714134216309,330.62506103515625,0.7892319858074188
7120,-0.4130206927470866,0.4577035903930664,102.23772430419922,0.8791249990463257
7130,-0.29946603045909476,0.47619855403900146,80.04991149902344,0.8793750107288361
7140,-0.33533076350978575,0.4921973943710327,41.92617416381836,0.8434489667415619
7150,-0.3243220995166028,0.4840656816959381,89.19713592529297,0.8590970933437347
7160,-0.13961829686660718,0.5020148754119873,503.49334716796875,0.819593757390976
7170,-0.3833517725461339,0.4812425374984741,59.83742904663086,0.8644374907016754
7180,-0.4083239929862882,0.49201107025146484,103.56988525390625,0.838015615940094
7190,-0.3873234046662085,0.48390722274780273,153.03175354003906,0.8556874990463257
7200,-0.3008896335096256,0.47938787937164307,72.49978637695312,0.8551696538925171
7210,-0.3434572797739597,0.5004762411117554,212.23574829101562,0.8176718652248383
7220,-0.45508955478192625,0.47406885027885437,103.48588562011719,0.8684062361717224
7230,-0.34064753501102135,0.47759896516799927,57.33544158935547,0.86597540974617
7240,-0.38614220815655426,0.48443615436553955,246.2883758544922,0.8378593623638153
7250,-0.321890752056604,0.4893261790275574,44.05207061767578,0.8447515666484833
7260,-0.34763207490733034,0.47334587574005127,75.42919158935547,0.8624531328678131
7270,-0.40354572136599615,0.469854474067688,108.3095474243164,0.8664531111717224
7280,-0.3074534270916109,0.4854365587234497,159.71804809570312,0.8519282639026642
7290,-0.03638933617386806,0.539885401725769,497.81060791015625,0.77284374833107
7300,-0.3475233949773903,0.4839684069156647,98.78324127197266,0.8482275009155273
7310,0.14098084099908542,0.5939286947250366,493.53326416015625,0.6843189001083374
7320,-0.3891914573205808,0.48496437072753906,97.98323059082031,0.8607499897480011
7330,-0.324078239629693,0.48697537183761597,48.75978088378906,0.8454838395118713
7340,-0.36076567574210877,0.4711343050003052,113.26087188720703,0.8632499873638153
7350,-0.30465632581940455,0.4806559681892395,76.23330688476562,0.865046888589859
7360,-0.4112054765087934,0.467561811208725,132.70767211914062,0.8782656192779541
7370,-0.3859599860960634,0.46144962310791016,71.27114868164062,0.880517989397049
7380,-0.37731097647510664,0.46349626779556274,65.70848083496094,0.8788749873638153
7390,-0.46487372247618125,0.46369481086730957,164.1280975341797,0.859499990940094
7400,-0.4116797947439538,0.4815503656864166,84.13404846191406,0.8421061336994171
7410,-0.33892811474000795,0.48389118909835815,194.50135803222656,0.8471249938011169
7420,-0.3516633177168379,0.4726693034172058,60.74666213989258,0.8696857690811157
7430,-0.39322495048130046,0.4719281792640686,118.42549896240234,0.8608124852180481
7440,-0.4532974352446018,0.4600861668586731,70.24675750732422,0.8720625042915344
7450,-0.3812130259553136,0.4856415390968323,121.68217468261719,0.8378500044345856
7460,-0.40740897017161526,0.48432469367980957,98.53177642822266,0.855531245470047
7470,-0.4468139130536537,0.4705750346183777,68.81838989257812,0.8578906357288361
7480,-0.4663459223851305,0.46000829339027405,70.87251281738281,0.871812492609024
7490,-0.3617837260096894,0.46098780632019043,38.76100158691406,0.8783592581748962
7500,0.05220682656927316,0.5718766450881958,421.68353271484375,0.7281423807144165
7510,-0.44535957952376515,0.47557586431503296,127.80168151855469,0.857546865940094
7520,-0.3699207791173524,0.4715481400489807,83.83885192871094,0.8756250143051147
7530,-0.4196886399346253,0.4633446931838989,131.25880432128906,0.867312490940094
7540,-0.3707933828286687,0.4770532250404358,66.83283996582031,0.861140638589859
7550,-0.4318294023984175,0.4542195796966553,255.4007110595703,0.8861874938011169
7560,-0.45015725035480536,0.45696258544921875,118.56244659423828,0.8730156123638153
7570,-0.3842527917089814,0.47432443499565125,57.481998443603516,0.8636874854564667
7580,-0.4166903038770429,0.47367265820503235,72.38835144042969,0.8649531304836273
7590,-0.4470277779250989,0.47215619683265686,105.99385833740234,0.8657031357288361
7600,0.03998668131266669,0.5576083064079285,445.27593994140625,0.748828113079071
7610,-0.37566684334537453,0.46293193101882935,73.46491241455078,0.8726093769073486
7620,0.3291606282761337,0.6472586393356323,636.2782592773438,0.6107812523841858
7630,-0.36962241671842916,0.48644521832466125,126.3016357421875,0.8427174389362335
7640,-0.33367899217520935,0.49065518379211426,130.2320556640625,0.839968740940094
7650,-0.3143474466309663,0.48114269971847534,52.59695053100586,0.8497160375118256
7660,-0.3507484837433982,0.48411649465560913,168.476318359375,0.8452031314373016
7670,-0.21372207774889548,0.5078420639038086,382.29412841796875,0.8073748350143433
7680,-0.47365238384402897,0.47245627641677856,81.0105209350586,0.852502167224884
7690,-0.209435349737588,0.4830319881439209,117.236328125,0.8455611765384674
7700,0.07869557238625212,0.5613137483596802,486.48663330078125,0.7225752770900726
7710,-0.45710166967075394,0.4656738340854645,168.97866821289062,0.8772656321525574
7720,-0.1658552729170392,0.5038371682167053,365.4853210449219,0.8110781311988831
7730,-0.35079131864980423,0.48528748750686646,117.31365203857422,0.8363326489925385
7740,-0.3828389758029277,0.4672851860523224,124.37905883789062,0.8672166466712952
7750,-0.2830277111641974,0.48909613490104675,116.35806274414062,0.83984375
7760,-0.44720003274243203,0.45116543769836426,59.946815490722656,0.8918906152248383
7770,-0.3489277228802329,0.46731141209602356,75.12877655029297,0.8698672354221344
7780,-0.4494752565652784,0.4652678966522217,66.11566925048828,0.8765156269073486
7790,-0.3338948760985224,0.4862157106399536,62.04692459106445,0.8433839380741119
7800,-0.35473221163371926,0.4671676754951477,48.446815490722656,0.864319235086441
7810,0.016397199032540916,0.5526105761528015,391.2964782714844,0.7529025077819824
7820,-0.3883430672404953,0.4583667516708374,50.87775421142578,0.8760072588920593
7830,-0.3185547002679537,0.47231027483940125,85.43399810791016,0.8628024458885193
7840,-0.41091523250963435,0.46581244468688965,51.40045166015625,0.8726093769073486
7850,-0.5472352762063938,0.45822232961654663,125.8981704711914,0.8625468611717224
7860,-0.3872037564925466,0.4595608115196228,113.9126968383789,0.8819375038146973
7870,-0.04329838336853711,0.569031834602356,422.5425720214844,0.7278124988079071
7880,-0.3530023982271398,0.48834386467933655,194.0133819580078,0.8260312378406525
7890,-0.3336299775054534,0.4649730324745178,164.61526489257812,0.8622187376022339
7900,-0.3763261913660653,0.4791259467601776,92.44677734375,0.8499148488044739
7910,-0.3977566748079132,0.4750192165374756,207.8773651123047,0.8566249907016754
7920,-0.20569573433750848,0.5077697038650513,254.1779022216797,0.8123274743556976
7930,-0.12213894935671625,0.5117582082748413,404.75128173828125,0.799067497253418
7940,-0.41321960747690706,0.4721130132675171,82.29055786132812,0.8583427369594574
7950,-0.4441431110586899,0.46045225858688354,59.948123931884766,0.880671888589859
7960,0.004909163353681668,0.5488057136535645,396.9087219238281,0.7609105706214905
7970,-0.1673543350347606,0.5261563658714294,346.61981201171875,0.7846392095088959
7980,-0.46054999252611933,0.4609483480453491,54.40961837768555,0.8652107417583466
7990,-0.41758592886951024,0.4571473002433777,104.5670394897461,0.872582346200943
8000,-0.4144815642813817,0.45676150918006897,177.7401123046875,0.8817656338214874
8010,-0.02641062969761336,0.5632368922233582,295.8222351074219,0.7418281137943268
8020,-0.4107742651063597,0.4557194709777832,69.77149963378906,0.8654907941818237
8030,-0.3749789566676134,0.46391600370407104,106.0678939819336,0.8758749961853027
8040,-0.2929033555632245,0.46882617473602295,90.44576263427734,0.8706038594245911
8050,-0.4827601736796608,0.47279953956604004,109.21652221679688,0.8560312390327454
8060,0.3306602922735073,0.629929780960083,501.4122619628906,0.646927535533905
8070,-0.31213869496841185,0.4850173592567444,187.18698120117188,0.8412061929702759
8080,-0.22885991080733914,0.4774685204029083,161.00694274902344,0.8583058714866638
8090,-0.506205106457601,0.43864452838897705,157.46580505371094,0.887890636920929
8100,-0.39734217926652105,0.4635881781578064,62.45022964477539,0.8592143654823303
8110,-0.36205855091245,0.477100670337677,84.2723388671875,0.8503671884536743
8120,-0.3270150216269845,0.47135645151138306,119.75271606445312,0.8755624890327454
8130,-0.33712179173322615,0.449463427066803,105.36592102050781,0.8937995135784149
8140,-0.3510460921895527,0.47961148619651794,243.06243896484375,0.8356406390666962
8150,-0.3727492699586783,0.45936882495880127,69.788330078125,0.8749919831752777
8160,0.17284841873901757,0.6016911268234253,950.35595703125,0.6792031228542328
8170,-0.3689107661245595,0.45698001980781555,99.15264129638672,0.8763790428638458
8180,-0.41525417553033966,0.4543391466140747,76.56895446777344,0.8721718788146973
8190,-0.42272145012397255,0.47683414816856384,65.91532897949219,0.8458253443241119
8200,-0.4024723419675898,0.45253467559814453,135.63262939453125,0.8797343671321869
8210,-0.26792101933773854,0.49224239587783813,211.00747680664062,0.8195760846138
8220,-0.4155183369307933,0.4675202965736389,78.72649383544922,0.8544654250144958
8230,-0.4435751953291718,0.46779218316078186,169.36871337890625,0.8484843671321869
8240,-0.4278636308620329,0.4581298828125,175.46612548828125,0.8697656393051147
8250,-0.13324665917556894,0.4924471974372864,455.9171447753906,0.8319059908390045
8260,-0.43227669232471044,0.45784103870391846,120.949951171875,0.8691239655017853
8270,-0.39412351490605885,0.4546803832054138,63.263999938964844,0.8694673478603363
8280,-0.3514163459930127,0.46574270725250244,85.69735717773438,0.8688762187957764
8290,-0.343466862705039,0.47624969482421875,50.59041213989258,0.8446063697338104
8300,-0.45219069778027676,0.4479065537452698,61.385250091552734,0.8921406269073486
8310,0.08204042299021272,0.5796709060668945,565.4215087890625,0.7198864817619324
8320,-0.535200257129587,0.4539529085159302,178.3052215576172,0.8715625107288361
8330,-0.39856118654616457,0.45891597867012024,69.58544921875,0.8729937970638275
8340,0.39439179573718414,0.6325753927230835,1302.7376708984375,0.6170468777418137
8350,-0.40594122341054484,0.46128860116004944,63.675689697265625,0.8648726940155029
8360,-0.10106034430928985,0.5348495244979858,482.87933349609375,0.7632584869861603
8370,-0.5348871149908561,0.4556492865085602,155.0544891357422,0.8585000038146973
8380,-0.4242372146047843,0.4565579295158386,84.43279266357422,0.8769218623638153
8390,-0.49121349394725916,0.46030116081237793,246.96640014648438,0.8584210574626923
8400,-0.10316879826250172,0.509178638458252,686.2536010742188,0.7888510227203369
8410,-0.4786552960597279,0.45512649416923523,152.45010375976562,0.8627031147480011
8420,-0.44168122732823767,0.46001875400543213,74.37242126464844,0.8607031106948853
8430,-0.38909718448574615,0.46453866362571716,114.33028411865234,0.8638297915458679
8440,-0.33379435714592776,0.465912401676178,96.7450942993164,0.857408344745636
8450,-0.4796003913651788,0.45182108879089355,113.00882720947266,0.8661825954914093
8460,-0.36960039439913284,0.4490804076194763,94.4222640991211,0.8881270885467529
8470,-0.33783551919294086,0.46437785029411316,71.6538314819336,0.8634451329708099
8480,-0.3037959322653549,0.4607411324977875,88.17850494384766,0.8629394769668579
8490,0.05658731219196866,0.5423197746276855,412.69256591796875,0.7414276599884033
8500,-0.21036961524667355,0.5389918088912964,278.7902526855469,0.8120781183242798
8510,-0.4946940741343529,0.4604204297065735,157.1008758544922,0.8626562356948853
8520,-0.46596744342090146,0.46248728036880493,78.63532257080078,0.8679066300392151
8530,-0.3585253283767907,0.44949525594711304,86.66291046142578,0.8779925107955933
8540,-0.20974362435650987,0.5185293555259705,541.9553833007812,0.7765156328678131
8550,-0.37425092603767146,0.4567432403564453,61.79104232788086,0.870939165353775
8560,-0.5377198042431965,0.4501712918281555,114.07638549804688,0.8661562502384186
8570,-0.35938113242949,0.4661300480365753,70.52935791015625,0.8769687414169312
8580,0.17527058234601742,0.585548460483551,721.8717041015625,0.699406236410141
8590,-0.41939207103357956,0.4514298141002655,96.89561462402344,0.8779687583446503
8600,-0.33500034692582165,0.44929996132850647,51.87392807006836,0.8874784708023071
8610,-0.026918072690514352,0.570296049118042,363.9234619140625,0.7249999940395355
8620,-0.2857336814356552,0.4699031710624695,77.47289276123047,0.8498479127883911
8630,-0.27191424277321147,0.4811851978302002,138.36062622070312,0.8390845060348511
8640,-0.29512765279919817,0.4662350118160248,75.64493560791016,0.863620787858963
8650,-0.46420225831865153,0.46308454871177673,207.83432006835938,0.8632499873638153
8660,-0.45025751186795543,0.4530079960823059,98.76151275634766,0.870312511920929
8670,-0.35480813921751697,0.4878072738647461,96.93519592285156,0.8318547904491425
8680,-0.310188499175708,0.45643866062164307,101.2396011352539,0.8772812485694885
8690,-0.40207539435646306,0.45533502101898193,153.9845733642578,0.877078115940094
8700,-0.4613821634920393,0.4469919204711914,167.3657684326172,0.8763281106948853
8710,-0.5198885924336256,0.4440666437149048,98.69599151611328,0.8862812519073486
8720,-0.4554387383340856,0.4337605834007263,93.40853881835938,0.8992031216621399
8730,-0.43969796037015824,0.45667564868927,111.18975830078125,0.8687656223773956
8740,-0.3517718855070127,0.46163034439086914,88.90288543701172,0.8574110865592957
8750,-0.4768254786901695,0.4555220603942871,84.70508575439453,0.8552644550800323
8760,-0.4364503120258365,0.45487120747566223,114.05970764160156,0.873171865940094
8770,-0.22537346619528542,0.5129196643829346,346.9248962402344,0.8424843847751617
8780,-0.48706470478702407,0.46252381801605225,166.9799346923828,0.8642500042915344
8790,-0.49215837731617146,0.44761037826538086,122.08890533447266,0.8754687607288361
8800,-0.5070198135087273,0.4278784394264221,60.97745132446289,0.8876406252384186
8810,-0.2600978869050786,0.4851973354816437,344.9772644042969,0.823819637298584
8820,-0.3735281939927771,0.4675945043563843,116.20890045166016,0.8557355403900146
8830,-0.3069497769846055,0.4712357819080353,201.82009887695312,0.8439125418663025
8840,-0.4486720368439537,0.4610980153083801,78.38809967041016,0.8577968776226044
8850,-0.3384481146037931,0.4568532109260559,131.07846069335938,0.8765000104904175
8860,-0.45523405760007646,0.450498104095459,127.87033081054688,0.871218740940094
8870,-0.33503334202028784,0.45509958267211914,152.95062255859375,0.8791249990463257
8880,-0.30320486107383543,0.46928203105926514,295.254150390625,0.8506406247615814
8890,-0.34743130812049683,0.4599077105522156,93.85791015625,0.8693593740463257
8900,-0.36208765485787364,0.457832396030426,133.27308654785156,0.8649531304836273
8910,-0.36584874327314054,0.47279202938079834,146.8125457763672,0.8512499928474426
8920,-0.36062701595914687,0.45809483528137207,131.293212890625,0.869994580745697
8930,-0.4319347394337092,0.43281254172325134,70.18061065673828,0.890500009059906
8940,-0.3936709107850833,0.4598767161369324,82.63912963867188,0.8606562614440918
8950,-0.23247294915826855,0.46609699726104736,160.25680541992188,0.8612753450870514
8960,-0.3666724598043638,0.4407616853713989,90.95768737792969,0.8849808275699615
8970,-0.4124682397718615,0.4409705400466919,183.95553588867188,0.8822031319141388
8980,-0.14897810864375605,0.5084404945373535,447.50408935546875,0.7862010896205902
8990,-0.3720088458558863,0.431945264339447,77.38086700439453,0.9162812530994415
9000,-0.40995671157355407,0.4478083848953247,65.4040756225586,0.8784687519073486
9010,-0.23919847943073222,0.49197304248809814,322.4725646972656,0.8220919072628021
9020,-0.4619564254427512,0.4457140266895294,81.58275604248047,0.882031261920929
9030,-0.2449427412667938,0.46274757385253906,405.20526123046875,0.8516048192977905
9040,-0.5282698908974391,0.43751251697540283,170.5696258544922,0.876828134059906
9050,-0.2865677533520456,0.47132277488708496,279.8709716796875,0.8408907651901245
9060,-0.49172316815418976,0.4481316804885864,90.1314468383789,0.8822812438011169
9070,-0.2703872678970699,0.4597277045249939,247.03260803222656,0.8621810674667358
9080,-0.42728700156646393,0.46038633584976196,94.64185333251953,0.859250009059906
9090,-0.535883623525304,0.43568670749664307,147.9558868408203,0.8849843740463257
9100,-0.17465395022019237,0.5113319158554077,501.68475341796875,0.7959531247615814
9110,-0.48658235591197413,0.455227792263031,160.6399383544922,0.8619062602519989
9120,-0.35705525157618556,0.4571908116340637,77.49759674072266,0.868299126625061
9130,-0.42217089405272856,0.451853483915329,92.1417465209961,0.8740898072719574
9140,-0.33264954841405986,0.4560651183128357,102.2108154296875,0.8691344261169434
9150,-0.30854331134208696,0.4734116196632385,70.27725982666016,0.8532545864582062
9160,-0.3647627960209271,0.44262558221817017,97.6646499633789,0.8875468671321869
9170,-0.3437324020931912,0.4562881886959076,75.82878875732422,0.8799218833446503
9180,-0.45164932013268966,0.45344728231430054,131.1637420654297,0.8638593852519989
9190,-0.35971093962144496,0.43912750482559204,126.76736450195312,0.8889941573143005
9200,0.23786012761737227,0.5925829410552979,818.4061889648438,0.67518749833107
9210,-0.35361115603355064,0.44938504695892334,118.50394439697266,0.8870937526226044
9220,-0.342957747172599,0.4614398777484894,109.40088653564453,0.8599366843700409
9230,-0.2205256358164557,0.49836865067481995,404.7982482910156,0.799330085515976
9240,-0.398529287092491,0.4580402672290802,79.65301513671875,0.8604233264923096
9250,-0.4395652010371819,0.4652986526489258,111.96825408935547,0.8472320437431335
9260,-0.36494210348590417,0.44942760467529297,47.53765869140625,0.8729592859745026
9270,-0.32773857509880416,0.4567970633506775,256.5450439453125,0.8742739260196686
9280,-0.3106563701550653,0.46147459745407104,94.07080841064453,0.8744218647480011
9290,-0.46905385448525583,0.4426494240760803,179.20477294921875,0.880734384059906
9300,-0.17857966439799133,0.5082095861434937,417.9122619628906,0.8027187585830688
9310,-0.2641343508096061,0.4651188552379608,179.0222625732422,0.8655000030994415
9320,-0.3440671605050469,0.44742339849472046,49.54928970336914,0.8772710859775543
9330,0.14514326758362145,0.5815485119819641,707.4252319335938,0.6892343759536743
9340,-0.380000772018071,0.4556124210357666,81.72107696533203,0.8712873756885529
9350,-0.10154883124555629,0.5006321668624878,510.8010559082031,0.8237812519073486
9360,-0.35286714319916096,0.4536438584327698,221.35150146484375,0.8584375083446503
9370,-0.1477993568356505,0.47526729106903076,431.12603759765625,0.8433007895946503
9380,-0.48440551088539313,0.4371376633644104,127.05506896972656,0.8813281357288361
9390,-0.4309123072831318,0.43166878819465637,151.28302001953125,0.9069218635559082
9400,-0.41083719479539677,0.45168668031692505,76.94084167480469,0.8686093688011169
9410,-0.55551051510116,0.43431368470191956,203.81134033203125,0.882687509059906
9420,-0.433597000122036,0.4353952705860138,75.39320373535156,0.8879843652248383
9430,-0.46090526173693036,0.4246450662612915,69.96985626220703,0.9111718833446503
9440,-0.014843090042853588,0.5530655384063721,552.35791015625,0.7426718771457672
9450,0.006508314337307321,0.6193315386772156,670.1701049804688,0.7474571168422699
9460,-0.4071236909046391,0.46817588806152344,176.433349609375,0.8502338826656342
9470,-0.33431293114593064,0.4548329710960388,202.9315643310547,0.8667416572570801
9480,-0.35685006290607824,0.4581614136695862,277.03271484375,0.8727812469005585
9490,-0.3241287360472037,0.4562757611274719,112.65031433105469,0.8804563581943512
9500,-0.3981151044012202,0.46332335472106934,101.61100006103516,0.8413715958595276
9510,-0.2851960245885418,0.45625585317611694,84.55388641357422,0.871801882982254
9520,-0.4446191624647671,0.441030353307724,91.07758331298828,0.8782812356948853
9530,-0.5267837351369767,0.4318593740463257,131.35325622558594,0.897656261920929
9540,-0.26879900724399525,0.46539169549942017,426.6556091308594,0.8476406335830688
9550,-0.3606662047211771,0.44830837845802307,94.21575164794922,0.8792343735694885
9560,-0.2027131537153045,0.46092018485069275,91.94325256347656,0.8682288527488708
9570,-0.36537281270597866,0.4535388648509979,76.26311492919922,0.8685340583324432
9580,-0.23809761649014252,0.4492351710796356,99.37974548339844,0.8858897387981415
9590,-0.48557216974928596,0.4213162064552307,129.3582305908203,0.9064687490463257
9600,-0.4973886159804346,0.432949423789978,93.38996887207031,0.892400473356247
9610,-0.35172764144607355,0.4518671929836273,148.11383056640625,0.882750004529953
9620,-0.3827688920557349,0.4551008343696594,79.02691650390625,0.8689062595367432
9630,-0.4729118045856707,0.431375116109848,124.97941589355469,0.8897500038146973
9640,0.31184490805578274,0.635235607624054,386.0636901855469,0.638421356678009
9650,-0.37293992401244236,0.43520498275756836,91.45671844482422,0.8951603472232819
9660,-0.2477695547717558,0.4650236964225769,285.44775390625,0.8583437502384186
9670,-0.48092867591500355,0.4398372769355774,158.5764923095703,0.8841259777545929
9680,-0.15638875408014374,0.48805421590805054,602.354736328125,0.8132968842983246
9690,-0.30346419148579107,0.4481871724128723,162.93971252441406,0.8798323273658752
9700,-0.36284557448151256,0.43931668996810913,97.45223236083984,0.8926219344139099
9710,0.32363657103976456,0.6130780577659607,711.3452758789062,0.6638125032186508
9720,-0.4259039916767347,0.42488935589790344,78.60774230957031,0.8994783759117126
9730,-0.28988117274690683,0.46513885259628296,149.1610565185547,0.8692566454410553
9740,-0.3354249000279575,0.48163801431655884,331.59625244140625,0.816531240940094
9750,-0.3446860590409655,0.4518798589706421,318.7222595214844,0.8824531137943268
9760,-0.25583068757658234,0.44857075810432434,86.14340209960938,0.8886431157588959
9770,-0.41152516084980845,0.447094202041626,73.88585662841797,0.873613566160202
9780,-0.34049026039197666,0.4564402103424072,61.971435546875,0.8787576854228973
9790,-0.49978856941654726,0.4302486777305603,110.66361236572266,0.8922500014305115
9800,-0.35982591451102197,0.45169517397880554,63.19402313232422,0.8698527216911316
9810,-0.46056677482464203,0.43434518575668335,50.558895111083984,0.8941053748130798
9820,-0.04539724053418459,0.5262500047683716,523.2198486328125,0.7737583518028259
9830,-0.39363827446277094,0.4388788044452667,65.70925903320312,0.891796886920929
9840,-0.2914574476591733,0.45587146282196045,105.44129180908203,0.8820724189281464
9850,-0.3955591551985357,0.44462552666664124,49.48743438720703,0.8850090503692627
9860,-0.27409395165749206,0.45609593391418457,74.48094940185547,0.8692626059055328
9870,-0.4579967941025875,0.452183336019516,69.75745391845703,0.8677443563938141
9880,-0.06400068235661764,0.5032565593719482,631.1505126953125,0.8067211210727692
9890,-0.16258268377397045,0.5030397772789001,308.8701477050781,0.8143532276153564
9900,-0.3544258643960703,0.44289132952690125,109.4594497680664,0.8870511949062347
9910,-0.43604280429960623,0.43263697624206543,104.78079986572266,0.8974062502384186
9920,-0.3848876808761834,0.4452545642852783,147.50282287597656,0.8818149566650391
9930,0.0359763487068806,0.5435194969177246,642.9488525390625,0.7398457527160645
9940,-0.4626008045621166,0.44495683908462524,104.80924987792969,0.8760781288146973
9950,-0.29874979980919214,0.460617333650589,299.34832763671875,0.8544062376022339
9960,-0.4424086502106587,0.4458777904510498,70.52720642089844,0.8801718652248383
9970,-0.3790553337772589,0.44855502247810364,129.09646606445312,0.8745522797107697
9980,-0.38337493009918616,0.4408237934112549,87.23733520507812,0.8934013545513153
9990,-0.3791727663319854,0.4443654417991638,104.42352294921875,0.888484388589859
10000,-0.41392060828530397,0.4547772705554962,224.64598083496094,0.8757656216621399
